Title,Reviews,Date
Funny Got Data MIS Data Systems Business Analyst T-Shirt,4.3 out of 5 stars,2024-05-18
Funny Got Data MIS Data Systems Business Analyst T-Shirt,4.3 out of 5 stars,2024-05-18
Funny Got Data MIS Data Systems Business Analyst T-Shirt,4.3 out of 5 stars,2024-05-18
Funny Got Data MIS Data Systems Business Analyst T-Shirt,4.3 out of 5 stars,2024-05-18
Funny Got Data MIS Data Systems Business Analyst T-Shirt,4.3 out of 5 stars,2024-05-18
Funny Got Data MIS Data Systems Business Analyst T-Shirt,4.3 out of 5 stars,2024-05-18
Funny Got Data MIS Data Systems Business Analyst T-Shirt,4.3 out of 5 stars,2024-05-18
Funny Got Data MIS Data Systems Business Analyst T-Shirt,4.3 out of 5 stars,2024-05-18
Funny Got Data MIS Data Systems Business Analyst T-Shirt,4.3 out of 5 stars,2024-05-18
Funny Got Data MIS Data Systems Business Analyst T-Shirt,4.3 out of 5 stars,2024-05-18
Funny Got Data MIS Data Systems Business Analyst T-Shirt,4.3 out of 5 stars,2024-05-18
Funny Got Data MIS Data Systems Business Analyst T-Shirt,4.3 out of 5 stars,2024-05-18
Funny Got Data MIS Data Systems Business Analyst T-Shirt,4.3 out of 5 stars,2024-05-18
